<?xml version='1.0' ?>
	<!-- ||| Instructions halloween slot |||-->

<config>
	<!-- ||| START GENERAL CONFIG ||| -->
	<start_credit>10000</start_credit> <!-- setting starting credit, if you want to override it, just type the number between <start_credit> and </start_credit>  -->
	<disable_add_credit>no</disable_add_credit> <!-- disable add credit button, if you want to disable it, just type yes between <disable_add_credit> and </disable_add_credit>  -->
	<add_per_click>500</add_per_click> <!-- add credit when click add credit button, if you want to override it, just type the number between <add_per_click> and </add_per_click>  -->
	<youtube_id>RehIvbzuJLE</youtube_id> <!-- show youtube ads when click add credit button, if you want to override it, just type the url between <url_click> and </url_click>  -->
	<cost_per_line>1</cost_per_line> <!-- cost of line, if you want to override it, just type the number between <cost_per_line> and </cost_per_line>  -->
	<max_bet_line>5</max_bet_line> <!-- prizes will be multiplied by 5, if you want to override it, just type the number between <cost_per_line> and </cost_per_line>  -->
	<!-- ||| END GENERAL CONFIG ||| -->
	
	<!-- ||| START SETTING LANGUAGE||| -->
	<wild_symbol_name>Wild symbol</wild_symbol_name>
	<treasure_symbol_name>Treasure heart</treasure_symbol_name>
	<book_symbol_name>Scatter</book_symbol_name>
	<book_text>3 or more scatters on the screen trigger 10 free game with special expanding symbol. The special expanding symbol can not be substituted by a scatter symbol dungring Free Game</book_text>
	<treasure_text>3 or more Treasure chest let you play a Bonus Game</treasure_text>
	<free_game_text>Free game: </free_game_text>
	<add_credit_text>Add Credit by watching video</add_credit_text>
	<!-- ||| END SETTING LANGUAGE||| -->
	
	<!-- ||| START PAY TABLE CONFIG||| -->
	<three_tensymbol>5</three_tensymbol> <!-- prize of three ten symbol  -->	
	<four_tensymbol>10</four_tensymbol> <!-- prize of four ten symbol  -->	
	<five_tensymbol>30</five_tensymbol> <!-- prize of five ten symbol  -->
	
	<three_j>10</three_j> <!-- prize of three j symbol  -->
	<four_j>20</four_j> <!-- prize of four j symbol  -->
	<five_j>60</five_j> <!-- prize of five j symbol  -->
	
	<!-- make similar with these below  -->
	<three_q>20</three_q>
	<four_q>40</four_q>
	<five_q>120</five_q>
	
	<three_k>30</three_k>
	<four_k>60</four_k>
	<five_k>180</five_k>
	
	<three_a>40</three_a>
	<four_a>80</four_a>
	<five_a>160</five_a>
	
	<three_roses>50</three_roses>
	<four_roses>100</four_roses>
	<five_roses>300</five_roses>
	
	<three_cherry>60</three_cherry>
	<four_cherry>120</four_cherry>
	<five_cherry>360</five_cherry>
	
	<three_heart>70</three_heart>
	<four_heart>140</four_heart>
	<five_heart>420</five_heart>
	
	<three_book>80</three_book>
	<four_book>160</four_book>
	<five_book>480</five_book>
	
	<three_girl>90</three_girl>
	<four_girl>180</four_girl>
	<five_girl>540</five_girl>
	<!-- ||| END PAY TABLE CONFIG||| -->
</config>

	<!-- ||| congratulations, completed your config |||-->