<?xml version='1.0' ?>
	<!-- ||| Instructions mafia slot |||-->

<config>
	<!-- ||| START GENERAL CONFIG ||| -->
	<start_credit>10000</start_credit> <!-- setting starting credit, if you want to override it, just type the number between <start_credit> and </start_credit>  -->
	<disable_add_credit>no</disable_add_credit> <!-- disable add credit button, if you want to disable it, just type yes between <disable_add_credit> and </disable_add_credit>  -->
	<add_per_click>500</add_per_click> <!-- add credit when click add credit button, if you want to override it, just type the number between <add_per_click> and </add_per_click>  -->
	<url_click>http://codecanyon.net/user/nhandsig</url_click> <!-- go to url when click add credit button, if you want to override it, just type the url between <url_click> and </url_click>  -->
	<level_rank>12000</level_rank> <!-- total bet amount, player will be level up when reach it , calculator:LV*12000, if you want to override it, just type the number between <level_rank> and </level_rank>  -->
	<prize_level_up>300</prize_level_up> <!-- add credit when level up, calculator: LV*300, if you want to override it, just type the number between <prize_level_up> and </prize_level_up>   -->
	<cost_per_line>5</cost_per_line> <!-- cost of line, if you want to override it, just type the number between <cost_per_line> and </cost_per_line>  -->
	<max_bet_per_line>25</max_bet_per_line> <!-- maximum bet per line, if you want to override it, just type the number between <max_bet_per_line> and </max_bet_per_line>  -->
	<big_prize_effect>10000</big_prize_effect> <!-- show big prize effect when got equal or more 10000 credit, if you want to override it, just type the number between <big_prize_effect> and </big_prize_effect>  -->
	<!-- ||| END GENERAL CONFIG ||| -->
	
	<!-- ||| START PAY TABLE ||| -->
	
	<three_10>10</three_10> <!-- prize of three 10  -->
	<four_10>20</four_10> <!-- prize of four 10  -->
	<five_10>100</five_10> <!-- prize of five 10  -->
	
	<three_j>15</three_j> <!-- prize of three J  -->
	<four_j>25</four_j> <!-- prize of four J  -->
	<five_j>150</five_j> <!-- prize of five J  -->
	
	<!-- make similar with these below  -->
	
	<three_q>20</three_q>
	<four_q>60</four_q>
	<five_q>200</five_q>
	
	<three_k>30</three_k>
	<four_k>150</four_k>
	<five_k>500</five_k>
	
	<three_a>100</three_a>
	<four_a>200</four_a>
	<five_a>1000</five_a>
	
	<three_spade>200</three_spade>
	<four_spade>500</four_spade>
	<five_spade>2500</five_spade>
	
	<three_clubs>300</three_clubs>
	<four_clubs>1000</four_clubs>
	<five_clubs>5000</five_clubs>
	
	<three_hearts>500</three_hearts>
	<four_hearts>3000</four_hearts>
	<five_hearts>10000</five_hearts>
	
	<three_scatter>15</three_scatter>
	<four_scatter>25</four_scatter>
	<five_scatter>150</five_scatter>
	
	<three_jackpot>20</three_jackpot>
	<four_jackpot>60</four_jackpot>
	<five_jackpot>200</five_jackpot>
	
	<three_bonus>30</three_bonus>
	<four_bonus>150</four_bonus>
	<five_bonus>500</five_bonus>
	<!-- ||| END PAY TABLE ||| -->
</config>

	<!-- ||| congratulations, completed your config |||-->