﻿<?xml version="1.0" encoding="utf-8" ?>
<c2eventsheet>
    <!--All the 'name' attributes are ignored by Construct 2 - they are there for readability only.-->
    <name>BonusES</name>
    <events>
        <event-block sid="756620508465228">
            <conditions>
                <condition id="-2" name="On start of layout" sid="483791893229945" type="System" />
            </conditions>
            <actions>
                <action id="-10" name="Set value" sid="867776867501837" type="GEM">
                    <param id="0" name="Instance variable">STT</param>
                    <param id="1" name="Value">choose(0,1)</param>
                </action>
                <action id="5" name="Check item exists" sid="426309737323811" type="LocalStorage">
                    <param id="0" name="Key">&quot;credit&quot;</param>
                </action>
                <action id="5" name="Check item exists" sid="798655310478066" type="LocalStorage">
                    <param id="0" name="Key">&quot;lines&quot;</param>
                </action>
                <action id="5" name="Check item exists" sid="447021943621472" type="LocalStorage">
                    <param id="0" name="Key">&quot;betlines&quot;</param>
                </action>
                <action id="5" name="Check item exists" sid="175079823602429" type="LocalStorage">
                    <param id="0" name="Key">&quot;winamount&quot;</param>
                </action>
                <action id="5" name="Set frame" sid="831431014425890" type="BTN">
                    <param id="0" name="Frame number">1</param>
                </action>
                <action id="0" name="Set text" sid="328742120175016" type="price2">
                    <param id="0" name="Text">xml.StringValue(&quot;/config/&quot;&amp;Self.name&amp;&quot;/text()&quot;)</param>
                </action>
            </actions>
            <sub-events>
                <event-block sid="198944259696913">
                    <conditions>
                        <condition id="3" name="Is silent" sid="244457884776912" type="Audio" />
                    </conditions>
                    <actions>
                        <action id="5" name="Set frame" sid="806973033592756" type="soundBTN">
                            <param id="0" name="Frame number">1</param>
                        </action>
                    </actions>
                </event-block>
                <event-block sid="682310810556187">
                    <conditions>
                        <condition id="-7" name="Compare instance variable" sid="570580385822707" type="GEM">
                            <param id="0" name="Instance variable">STT</param>
                            <param id="1" name="Comparison">0</param>
                            <param id="2" name="Value">1</param>
                        </condition>
                    </conditions>
                    <actions>
                        <action id="-10" name="Set value" sid="272312807806535" type="GEM">
                            <param id="0" name="Instance variable">GOLD</param>
                            <param id="1" name="Value">choose(10,20,30,40,50,60,70,80,90,100)*info.betperline</param>
                        </action>
                    </actions>
                </event-block>
            </sub-events>
        </event-block>
        <event-block sid="392276934459655">
            <conditions>
                <condition id="9" name="On item exists" sid="195950846309341" type="LocalStorage">
                    <param id="0" name="Key">&quot;credit&quot;</param>
                </condition>
            </conditions>
            <actions>
                <action id="-10" name="Set value" sid="871356592548299" type="info">
                    <param id="0" name="Instance variable">credit</param>
                    <param id="1" name="Value">LocalStorage.ItemValue</param>
                </action>
                <action id="0" name="Set text" sid="637507318921594" type="CreditText">
                    <param id="0" name="Text">&quot;$&quot;&amp;info.credit</param>
                </action>
            </actions>
        </event-block>
        <event-block sid="327526100952409">
            <conditions>
                <condition id="9" name="On item exists" sid="852834196573820" type="LocalStorage">
                    <param id="0" name="Key">&quot;lines&quot;</param>
                </condition>
            </conditions>
            <actions>
                <action id="-10" name="Set value" sid="651080074921134" type="info">
                    <param id="0" name="Instance variable">betline</param>
                    <param id="1" name="Value">LocalStorage.ItemValue</param>
                </action>
                <action id="0" name="Set text" sid="848637002046516" type="betlineTEXT">
                    <param id="0" name="Text">info.betline</param>
                </action>
                <action id="0" name="Set text" sid="709681708760855" type="betamountTEXT">
                    <param id="0" name="Text">&quot;$&quot;&amp;info.betline*info.a*info.betperline</param>
                </action>
                <action id="0" name="Set text" sid="619466965025983" type="price">
                    <param id="0" name="Text">(info.betline+info.betperline)*Self.mutil*Self.lv</param>
                </action>
            </actions>
        </event-block>
        <event-block sid="241865341132454">
            <conditions>
                <condition id="9" name="On item exists" sid="971389307454119" type="LocalStorage">
                    <param id="0" name="Key">&quot;betlines&quot;</param>
                </condition>
            </conditions>
            <actions>
                <action id="-10" name="Set value" sid="449706706322802" type="info">
                    <param id="0" name="Instance variable">betperline</param>
                    <param id="1" name="Value">LocalStorage.ItemValue</param>
                </action>
                <action id="0" name="Set text" sid="183625779071909" type="betamountTEXT">
                    <param id="0" name="Text">&quot;$&quot;&amp;info.betline*info.a*info.betperline</param>
                </action>
                <action id="0" name="Set text" sid="630667930947387" type="price">
                    <param id="0" name="Text">(info.betline+info.betperline)*Self.mutil*Self.lv</param>
                </action>
            </actions>
        </event-block>
        <event-block sid="819504016359945">
            <conditions>
                <condition id="9" name="On item exists" sid="854687955075250" type="LocalStorage">
                    <param id="0" name="Key">&quot;winamount&quot;</param>
                </condition>
            </conditions>
            <actions>
                <action id="-10" name="Set value" sid="866912200559411" type="info">
                    <param id="0" name="Instance variable">winamount</param>
                    <param id="1" name="Value">LocalStorage.ItemValue</param>
                </action>
                <action id="0" name="Set text" sid="624801810700373" type="winTEXT">
                    <param id="0" name="Text">&quot;$&quot;&amp;info.winamount</param>
                </action>
            </actions>
        </event-block>
        <event-block sid="754152690946459">
            <conditions>
                <condition id="3" name="On touched object" sid="322999195149747" type="Touch">
                    <param id="0" name="Object">GEM</param>
                </condition>
                <condition id="-8" inverted="1" name="Is boolean instance variable set" sid="191483449759071" type="GEM">
                    <param id="0" name="Instance variable">OPEN</param>
                </condition>
            </conditions>
            <actions>
                <action id="-13" name="Set boolean" sid="712288770094005" type="GEM">
                    <param id="0" name="Instance variable">OPEN</param>
                    <param id="1" name="Value">1</param>
                </action>
                <action id="4" name="Set animation" sid="511248529520126" type="GEM">
                    <param id="0" name="Animation">&quot;BLUEB&quot;</param>
                    <param id="1" name="From">1</param>
                </action>
                <action id="-3" name="Set position" sid="786721947447403" type="prizetext">
                    <param id="0" name="X">GEM.X-Self.Width/2</param>
                    <param id="1" name="Y">GEM.Y</param>
                </action>
                <action id="0" name="Set text" sid="565729308752098" type="prizetext">
                    <param id="0" name="Text">&quot;$&quot;&amp;GEM.GOLD</param>
                </action>
                <action id="-11" name="Add to" sid="927348082569180" type="info">
                    <param id="0" name="Instance variable">credit</param>
                    <param id="1" name="Value">GEM.GOLD</param>
                </action>
                <action id="0" name="Set item" sid="805546573705452" type="LocalStorage">
                    <param id="0" name="Key">&quot;credit&quot;</param>
                    <param id="1" name="Value">info.credit</param>
                </action>
                <action id="0" name="Set text" sid="749853027642124" type="CreditText">
                    <param id="0" name="Text">&quot;$&quot;&amp;info.credit</param>
                </action>
                <action id="-11" name="Add to" sid="448462213989889" type="info">
                    <param id="0" name="Instance variable">chestopen</param>
                    <param id="1" name="Value">1</param>
                </action>
            </actions>
        </event-block>
        <event-block sid="374794177040834">
            <conditions>
                <condition id="-7" name="Compare instance variable" sid="491447235403519" type="info">
                    <param id="0" name="Instance variable">chestopen</param>
                    <param id="1" name="Comparison">0</param>
                    <param id="2" name="Value">5</param>
                </condition>
            </conditions>
            <actions>
                <action id="-10" name="Set value" sid="645566494672198" type="info">
                    <param id="0" name="Instance variable">chestopen</param>
                    <param id="1" name="Value">0</param>
                </action>
                <action id="-16" name="Wait" sid="137241760898327" type="System">
                    <param id="0" name="Seconds">3</param>
                </action>
                <action id="-2" name="Go to layout" sid="750041131732365" type="System">
                    <param id="0" name="Layout">GameBG</param>
                </action>
            </actions>
        </event-block>
    </events>
</c2eventsheet>
