﻿<?xml version="1.0" encoding="utf-8" ?>
<c2eventsheet>
    <!--All the 'name' attributes are ignored by Construct 2 - they are there for readability only.-->
    <name>YoutubeES</name>
    <events>
        <include>BonusES</include>
        <event-block sid="856471377075221">
            <conditions>
                <condition id="-2" name="On start of layout" sid="827052975920853" type="System" />
            </conditions>
            <actions>
                <action id="0" name="Load video" sid="234121876192844" type="YoutubePlayer">
                    <param id="0" name="Video ID">xml.StringValue(&quot;/config/youtube_id/text()&quot;)</param>
                    <param id="1" name="Play">1</param>
                </action>
            </actions>
        </event-block>
        <event-block sid="223585423365008">
            <conditions>
                <condition id="2" name="Has ended" sid="231377725948705" type="YoutubePlayer" />
                <condition id="-4" name="Trigger once while true" sid="899872777314055" type="System" />
            </conditions>
            <actions>
                <action id="-11" name="Add to" sid="596185738630579" type="info">
                    <param id="0" name="Instance variable">credit</param>
                    <param id="1" name="Value">int(xml.StringValue(&quot;/config/add_per_click/text()&quot;))</param>
                </action>
                <action id="0" name="Set item" sid="977874698444403" type="LocalStorage">
                    <param id="0" name="Key">&quot;credit&quot;</param>
                    <param id="1" name="Value">info.credit</param>
                </action>
                <action id="-16" name="Wait" sid="355356099482998" type="System">
                    <param id="0" name="Seconds">1</param>
                </action>
                <action id="-2" name="Go to layout" sid="241913083598228" type="System">
                    <param id="0" name="Layout">GameBG</param>
                </action>
            </actions>
        </event-block>
        <event-block sid="773795896775908">
            <conditions>
                <condition id="1" name="Is paused" sid="912647330123716" type="YoutubePlayer" />
            </conditions>
            <actions>
                <action id="6" name="Play" sid="958415978552495" type="YoutubePlayer" />
            </actions>
        </event-block>
    </events>
</c2eventsheet>
